Metric,mean
learning_speed,0.0603172692692475
mc_variance,0.061093987271838915
uniform,0.06092429441956625
vog,0.06121777199876234
